num_layers,lr,batch_size,opt_name,img_size,test_accuracy,epochs_run,folder
1,0.001,8,adam,32,0.5,227,run_00_adam_ly1_lr0.001_bs8
1,0.001,8,sgd,32,0.5,51,run_01_sgd_ly1_lr0.001_bs8
1,0.001,16,adam,32,0.5,276,run_02_adam_ly1_lr0.001_bs16
1,0.001,16,sgd,32,0.5,51,run_03_sgd_ly1_lr0.001_bs16
1,0.001,32,adam,32,0.5526315789473685,308,run_04_adam_ly1_lr0.001_bs32
1,0.001,32,sgd,32,0.5,51,run_05_sgd_ly1_lr0.001_bs32
1,0.001,64,adam,32,0.5,51,run_06_adam_ly1_lr0.001_bs64
1,0.001,64,sgd,32,0.5,51,run_07_sgd_ly1_lr0.001_bs64
1,0.01,8,adam,32,0.5263157894736842,216,run_08_adam_ly1_lr0.01_bs8
1,0.01,8,sgd,32,0.5,51,run_09_sgd_ly1_lr0.01_bs8
1,0.01,16,adam,32,0.6052631578947368,945,run_10_adam_ly1_lr0.01_bs16
1,0.01,16,sgd,32,0.5,51,run_11_sgd_ly1_lr0.01_bs16
1,0.01,32,adam,32,0.47368421052631576,598,run_12_adam_ly1_lr0.01_bs32
1,0.01,32,sgd,32,0.5,51,run_13_sgd_ly1_lr0.01_bs32
1,0.01,64,adam,32,0.5789473684210527,655,run_14_adam_ly1_lr0.01_bs64
1,0.01,64,sgd,32,0.5,51,run_15_sgd_ly1_lr0.01_bs64
1,0.02,8,adam,32,0.47368421052631576,244,run_16_adam_ly1_lr0.02_bs8
1,0.02,8,sgd,32,0.5,51,run_17_sgd_ly1_lr0.02_bs8
1,0.02,16,adam,32,0.5789473684210527,134,run_18_adam_ly1_lr0.02_bs16
1,0.02,16,sgd,32,0.5,51,run_19_sgd_ly1_lr0.02_bs16
1,0.02,32,adam,32,0.5526315789473685,245,run_20_adam_ly1_lr0.02_bs32
1,0.02,32,sgd,32,0.5,51,run_21_sgd_ly1_lr0.02_bs32
1,0.02,64,adam,32,0.5263157894736842,373,run_22_adam_ly1_lr0.02_bs64
1,0.02,64,sgd,32,0.5,51,run_23_sgd_ly1_lr0.02_bs64
1,0.05,8,adam,32,0.47368421052631576,118,run_24_adam_ly1_lr0.05_bs8
1,0.05,8,sgd,32,0.5,51,run_25_sgd_ly1_lr0.05_bs8
1,0.05,16,adam,32,0.5,153,run_26_adam_ly1_lr0.05_bs16
1,0.05,16,sgd,32,0.5,51,run_27_sgd_ly1_lr0.05_bs16
1,0.05,32,adam,32,0.5789473684210527,133,run_28_adam_ly1_lr0.05_bs32
1,0.05,32,sgd,32,0.5,51,run_29_sgd_ly1_lr0.05_bs32
1,0.05,64,adam,32,0.5789473684210527,223,run_30_adam_ly1_lr0.05_bs64
1,0.05,64,sgd,32,0.5,51,run_31_sgd_ly1_lr0.05_bs64
2,0.001,8,adam,32,0.3684210526315789,51,run_32_adam_ly2_lr0.001_bs8
2,0.001,8,sgd,32,0.3684210526315789,51,run_33_sgd_ly2_lr0.001_bs8
2,0.001,16,adam,32,0.3684210526315789,51,run_34_adam_ly2_lr0.001_bs16
2,0.001,16,sgd,32,0.3684210526315789,51,run_35_sgd_ly2_lr0.001_bs16
2,0.001,32,adam,32,0.3684210526315789,51,run_36_adam_ly2_lr0.001_bs32
2,0.001,32,sgd,32,0.3684210526315789,51,run_37_sgd_ly2_lr0.001_bs32
2,0.001,64,adam,32,0.3684210526315789,51,run_38_adam_ly2_lr0.001_bs64
2,0.001,64,sgd,32,0.3684210526315789,51,run_39_sgd_ly2_lr0.001_bs64
2,0.01,8,adam,32,0.42105263157894735,51,run_40_adam_ly2_lr0.01_bs8
2,0.01,8,sgd,32,0.3684210526315789,51,run_41_sgd_ly2_lr0.01_bs8
2,0.01,16,adam,32,0.4473684210526316,62,run_42_adam_ly2_lr0.01_bs16
2,0.01,16,sgd,32,0.3684210526315789,51,run_43_sgd_ly2_lr0.01_bs16
2,0.01,32,adam,32,0.42105263157894735,51,run_44_adam_ly2_lr0.01_bs32
2,0.01,32,sgd,32,0.3684210526315789,51,run_45_sgd_ly2_lr0.01_bs32
2,0.01,64,adam,32,0.3684210526315789,51,run_46_adam_ly2_lr0.01_bs64
2,0.01,64,sgd,32,0.3684210526315789,51,run_47_sgd_ly2_lr0.01_bs64
2,0.02,8,adam,32,0.42105263157894735,51,run_48_adam_ly2_lr0.02_bs8
2,0.02,8,sgd,32,0.3684210526315789,51,run_49_sgd_ly2_lr0.02_bs8
2,0.02,16,adam,32,0.4473684210526316,51,run_50_adam_ly2_lr0.02_bs16
2,0.02,16,sgd,32,0.3684210526315789,51,run_51_sgd_ly2_lr0.02_bs16
2,0.02,32,adam,32,0.3684210526315789,51,run_52_adam_ly2_lr0.02_bs32
2,0.02,32,sgd,32,0.3684210526315789,51,run_53_sgd_ly2_lr0.02_bs32
2,0.02,64,adam,32,0.3684210526315789,51,run_54_adam_ly2_lr0.02_bs64
2,0.02,64,sgd,32,0.3684210526315789,51,run_55_sgd_ly2_lr0.02_bs64
2,0.05,8,adam,32,0.5,67,run_56_adam_ly2_lr0.05_bs8
2,0.05,8,sgd,32,0.3684210526315789,51,run_57_sgd_ly2_lr0.05_bs8
2,0.05,16,adam,32,0.5789473684210527,90,run_58_adam_ly2_lr0.05_bs16
2,0.05,16,sgd,32,0.3684210526315789,51,run_59_sgd_ly2_lr0.05_bs16
2,0.05,32,adam,32,0.39473684210526316,51,run_60_adam_ly2_lr0.05_bs32
2,0.05,32,sgd,32,0.3684210526315789,51,run_61_sgd_ly2_lr0.05_bs32
2,0.05,64,adam,32,0.34210526315789475,51,run_62_adam_ly2_lr0.05_bs64
2,0.05,64,sgd,32,0.3684210526315789,51,run_63_sgd_ly2_lr0.05_bs64
3,0.001,8,adam,32,0.5526315789473685,1881,run_64_adam_ly3_lr0.001_bs8
3,0.001,8,sgd,32,0.5,51,run_65_sgd_ly3_lr0.001_bs8
3,0.001,16,adam,32,0.5526315789473685,2029,run_66_adam_ly3_lr0.001_bs16
3,0.001,16,sgd,32,0.5,51,run_67_sgd_ly3_lr0.001_bs16
3,0.001,32,adam,32,0.5526315789473685,1525,run_68_adam_ly3_lr0.001_bs32
3,0.001,32,sgd,32,0.5,51,run_69_sgd_ly3_lr0.001_bs32
3,0.001,64,adam,32,0.5789473684210527,504,run_70_adam_ly3_lr0.001_bs64
3,0.001,64,sgd,32,0.5,51,run_71_sgd_ly3_lr0.001_bs64
3,0.01,8,adam,32,0.5,422,run_72_adam_ly3_lr0.01_bs8
3,0.01,8,sgd,32,0.5,51,run_73_sgd_ly3_lr0.01_bs8
3,0.01,16,adam,32,0.5263157894736842,336,run_74_adam_ly3_lr0.01_bs16
3,0.01,16,sgd,32,0.5,51,run_75_sgd_ly3_lr0.01_bs16
3,0.01,32,adam,32,0.5,609,run_76_adam_ly3_lr0.01_bs32
3,0.01,32,sgd,32,0.5,51,run_77_sgd_ly3_lr0.01_bs32
3,0.01,64,adam,32,0.47368421052631576,1058,run_78_adam_ly3_lr0.01_bs64
3,0.01,64,sgd,32,0.5,51,run_79_sgd_ly3_lr0.01_bs64
3,0.02,8,adam,32,0.6052631578947368,270,run_80_adam_ly3_lr0.02_bs8
3,0.02,8,sgd,32,0.5,51,run_81_sgd_ly3_lr0.02_bs8
3,0.02,16,adam,32,0.5263157894736842,466,run_82_adam_ly3_lr0.02_bs16
3,0.02,16,sgd,32,0.5,51,run_83_sgd_ly3_lr0.02_bs16
3,0.02,32,adam,32,0.5526315789473685,336,run_84_adam_ly3_lr0.02_bs32
3,0.02,32,sgd,32,0.5,51,run_85_sgd_ly3_lr0.02_bs32
3,0.02,64,adam,32,0.4473684210526316,659,run_86_adam_ly3_lr0.02_bs64
3,0.02,64,sgd,32,0.5,51,run_87_sgd_ly3_lr0.02_bs64
3,0.05,8,adam,32,0.5263157894736842,170,run_88_adam_ly3_lr0.05_bs8
3,0.05,8,sgd,32,0.5,51,run_89_sgd_ly3_lr0.05_bs8
3,0.05,16,adam,32,0.5789473684210527,159,run_90_adam_ly3_lr0.05_bs16
3,0.05,16,sgd,32,0.5,51,run_91_sgd_ly3_lr0.05_bs16
3,0.05,32,adam,32,0.5,195,run_92_adam_ly3_lr0.05_bs32
3,0.05,32,sgd,32,0.5,51,run_93_sgd_ly3_lr0.05_bs32
3,0.05,64,adam,32,0.4473684210526316,371,run_94_adam_ly3_lr0.05_bs64
3,0.05,64,sgd,32,0.5,51,run_95_sgd_ly3_lr0.05_bs64
5,0.001,8,adam,32,0.4473684210526316,98,run_96_adam_ly5_lr0.001_bs8
5,0.001,8,sgd,32,0.5,51,run_97_sgd_ly5_lr0.001_bs8
5,0.001,16,adam,32,0.47368421052631576,125,run_98_adam_ly5_lr0.001_bs16
5,0.001,16,sgd,32,0.5,51,run_99_sgd_ly5_lr0.001_bs16
5,0.001,32,adam,32,0.47368421052631576,147,run_100_adam_ly5_lr0.001_bs32
5,0.001,32,sgd,32,0.5,51,run_101_sgd_ly5_lr0.001_bs32
5,0.001,64,adam,32,0.5263157894736842,51,run_102_adam_ly5_lr0.001_bs64
5,0.001,64,sgd,32,0.5,51,run_103_sgd_ly5_lr0.001_bs64
5,0.01,8,adam,32,0.5263157894736842,51,run_104_adam_ly5_lr0.01_bs8
5,0.01,8,sgd,32,0.5,51,run_105_sgd_ly5_lr0.01_bs8
5,0.01,16,adam,32,0.5,61,run_106_adam_ly5_lr0.01_bs16
5,0.01,16,sgd,32,0.5,51,run_107_sgd_ly5_lr0.01_bs16
5,0.01,32,adam,32,0.47368421052631576,66,run_108_adam_ly5_lr0.01_bs32
5,0.01,32,sgd,32,0.5,51,run_109_sgd_ly5_lr0.01_bs32
5,0.01,64,adam,32,0.5263157894736842,70,run_110_adam_ly5_lr0.01_bs64
5,0.01,64,sgd,32,0.5,51,run_111_sgd_ly5_lr0.01_bs64
5,0.02,8,adam,32,0.631578947368421,195,run_112_adam_ly5_lr0.02_bs8
5,0.02,8,sgd,32,0.5,51,run_113_sgd_ly5_lr0.02_bs8
5,0.02,16,adam,32,0.6578947368421053,83,run_114_adam_ly5_lr0.02_bs16
5,0.02,16,sgd,32,0.5,51,run_115_sgd_ly5_lr0.02_bs16
5,0.02,32,adam,32,0.5,56,run_116_adam_ly5_lr0.02_bs32
5,0.02,32,sgd,32,0.5,51,run_117_sgd_ly5_lr0.02_bs32
5,0.02,64,adam,32,0.5,63,run_118_adam_ly5_lr0.02_bs64
5,0.02,64,sgd,32,0.5,51,run_119_sgd_ly5_lr0.02_bs64
5,0.05,8,adam,32,0.47368421052631576,141,run_120_adam_ly5_lr0.05_bs8
5,0.05,8,sgd,32,0.5263157894736842,51,run_121_sgd_ly5_lr0.05_bs8
5,0.05,16,adam,32,0.4473684210526316,130,run_122_adam_ly5_lr0.05_bs16
5,0.05,16,sgd,32,0.5,51,run_123_sgd_ly5_lr0.05_bs16
5,0.05,32,adam,32,0.5526315789473685,70,run_124_adam_ly5_lr0.05_bs32
5,0.05,32,sgd,32,0.5,51,run_125_sgd_ly5_lr0.05_bs32
5,0.05,64,adam,32,0.5526315789473685,226,run_126_adam_ly5_lr0.05_bs64
5,0.05,64,sgd,32,0.5,51,run_127_sgd_ly5_lr0.05_bs64
7,0.001,8,adam,32,0.5,57,run_128_adam_ly7_lr0.001_bs8
7,0.001,8,sgd,32,0.5,51,run_129_sgd_ly7_lr0.001_bs8
7,0.001,16,adam,32,0.5,60,run_130_adam_ly7_lr0.001_bs16
7,0.001,16,sgd,32,0.5,51,run_131_sgd_ly7_lr0.001_bs16
7,0.001,32,adam,32,0.47368421052631576,64,run_132_adam_ly7_lr0.001_bs32
7,0.001,32,sgd,32,0.5,51,run_133_sgd_ly7_lr0.001_bs32
7,0.001,64,adam,32,0.5263157894736842,73,run_134_adam_ly7_lr0.001_bs64
7,0.001,64,sgd,32,0.5,51,run_135_sgd_ly7_lr0.001_bs64
7,0.01,8,adam,32,0.42105263157894735,124,run_136_adam_ly7_lr0.01_bs8
7,0.01,8,sgd,32,0.5,51,run_137_sgd_ly7_lr0.01_bs8
7,0.01,16,adam,32,0.5,53,run_138_adam_ly7_lr0.01_bs16
7,0.01,16,sgd,32,0.5,51,run_139_sgd_ly7_lr0.01_bs16
7,0.01,32,adam,32,0.5526315789473685,53,run_140_adam_ly7_lr0.01_bs32
7,0.01,32,sgd,32,0.5,51,run_141_sgd_ly7_lr0.01_bs32
7,0.01,64,adam,32,0.5,101,run_142_adam_ly7_lr0.01_bs64
7,0.01,64,sgd,32,0.5,51,run_143_sgd_ly7_lr0.01_bs64
7,0.02,8,adam,32,0.5,118,run_144_adam_ly7_lr0.02_bs8
7,0.02,8,sgd,32,0.5,51,run_145_sgd_ly7_lr0.02_bs8
7,0.02,16,adam,32,0.5263157894736842,176,run_146_adam_ly7_lr0.02_bs16
7,0.02,16,sgd,32,0.5,51,run_147_sgd_ly7_lr0.02_bs16
7,0.02,32,adam,32,0.5526315789473685,83,run_148_adam_ly7_lr0.02_bs32
7,0.02,32,sgd,32,0.5,51,run_149_sgd_ly7_lr0.02_bs32
7,0.02,64,adam,32,0.5263157894736842,131,run_150_adam_ly7_lr0.02_bs64
7,0.02,64,sgd,32,0.5,51,run_151_sgd_ly7_lr0.02_bs64
7,0.05,8,adam,32,0.47368421052631576,175,run_152_adam_ly7_lr0.05_bs8
7,0.05,8,sgd,32,0.5,51,run_153_sgd_ly7_lr0.05_bs8
7,0.05,16,adam,32,0.39473684210526316,167,run_154_adam_ly7_lr0.05_bs16
7,0.05,16,sgd,32,0.5,51,run_155_sgd_ly7_lr0.05_bs16
7,0.05,32,adam,32,0.5263157894736842,122,run_156_adam_ly7_lr0.05_bs32
7,0.05,32,sgd,32,0.5,51,run_157_sgd_ly7_lr0.05_bs32
7,0.05,64,adam,32,0.34210526315789475,237,run_158_adam_ly7_lr0.05_bs64
7,0.05,64,sgd,32,0.5,51,run_159_sgd_ly7_lr0.05_bs64
10,0.001,8,adam,32,0.5,51,run_160_adam_ly10_lr0.001_bs8
10,0.001,8,sgd,32,0.5,51,run_161_sgd_ly10_lr0.001_bs8
10,0.001,16,adam,32,0.47368421052631576,51,run_162_adam_ly10_lr0.001_bs16
10,0.001,16,sgd,32,0.5,51,run_163_sgd_ly10_lr0.001_bs16
10,0.001,32,adam,32,0.5,51,run_164_adam_ly10_lr0.001_bs32
10,0.001,32,sgd,32,0.5,51,run_165_sgd_ly10_lr0.001_bs32
10,0.001,64,adam,32,0.5,51,run_166_adam_ly10_lr0.001_bs64
10,0.001,64,sgd,32,0.5,51,run_167_sgd_ly10_lr0.001_bs64
10,0.01,8,adam,32,0.5526315789473685,103,run_168_adam_ly10_lr0.01_bs8
10,0.01,8,sgd,32,0.5,51,run_169_sgd_ly10_lr0.01_bs8
10,0.01,16,adam,32,0.47368421052631576,51,run_170_adam_ly10_lr0.01_bs16
10,0.01,16,sgd,32,0.5,51,run_171_sgd_ly10_lr0.01_bs16
10,0.01,32,adam,32,0.39473684210526316,51,run_172_adam_ly10_lr0.01_bs32
10,0.01,32,sgd,32,0.5,51,run_173_sgd_ly10_lr0.01_bs32
10,0.01,64,adam,32,0.4473684210526316,51,run_174_adam_ly10_lr0.01_bs64
10,0.01,64,sgd,32,0.5,51,run_175_sgd_ly10_lr0.01_bs64
10,0.02,8,adam,32,0.5789473684210527,116,run_176_adam_ly10_lr0.02_bs8
10,0.02,8,sgd,32,0.5,51,run_177_sgd_ly10_lr0.02_bs8
10,0.02,16,adam,32,0.5526315789473685,63,run_178_adam_ly10_lr0.02_bs16
10,0.02,16,sgd,32,0.5,51,run_179_sgd_ly10_lr0.02_bs16
10,0.02,32,adam,32,0.6578947368421053,77,run_180_adam_ly10_lr0.02_bs32
10,0.02,32,sgd,32,0.5,51,run_181_sgd_ly10_lr0.02_bs32
10,0.02,64,adam,32,0.4473684210526316,51,run_182_adam_ly10_lr0.02_bs64
10,0.02,64,sgd,32,0.5,51,run_183_sgd_ly10_lr0.02_bs64
10,0.05,8,adam,32,0.5,124,run_184_adam_ly10_lr0.05_bs8
10,0.05,8,sgd,32,0.5,51,run_185_sgd_ly10_lr0.05_bs8
10,0.05,16,adam,32,0.6052631578947368,171,run_186_adam_ly10_lr0.05_bs16
10,0.05,16,sgd,32,0.5,51,run_187_sgd_ly10_lr0.05_bs16
10,0.05,32,adam,32,0.5263157894736842,212,run_188_adam_ly10_lr0.05_bs32
10,0.05,32,sgd,32,0.5,51,run_189_sgd_ly10_lr0.05_bs32
10,0.05,64,adam,32,0.47368421052631576,105,run_190_adam_ly10_lr0.05_bs64
10,0.05,64,sgd,32,0.5,51,run_191_sgd_ly10_lr0.05_bs64
12,0.001,8,adam,32,0.6578947368421053,51,run_192_adam_ly12_lr0.001_bs8
12,0.001,8,sgd,32,0.6578947368421053,51,run_193_sgd_ly12_lr0.001_bs8
12,0.001,16,adam,32,0.6052631578947368,79,run_194_adam_ly12_lr0.001_bs16
12,0.001,16,sgd,32,0.6578947368421053,51,run_195_sgd_ly12_lr0.001_bs16
12,0.001,32,adam,32,0.5789473684210527,91,run_196_adam_ly12_lr0.001_bs32
12,0.001,32,sgd,32,0.6578947368421053,51,run_197_sgd_ly12_lr0.001_bs32
12,0.001,64,adam,32,0.6052631578947368,148,run_198_adam_ly12_lr0.001_bs64
12,0.001,64,sgd,32,0.6578947368421053,51,run_199_sgd_ly12_lr0.001_bs64
12,0.01,8,adam,32,0.5526315789473685,302,run_200_adam_ly12_lr0.01_bs8
12,0.01,8,sgd,32,0.6578947368421053,51,run_201_sgd_ly12_lr0.01_bs8
12,0.01,16,adam,32,0.39473684210526316,64,run_202_adam_ly12_lr0.01_bs16
12,0.01,16,sgd,32,0.6578947368421053,51,run_203_sgd_ly12_lr0.01_bs16
12,0.01,32,adam,32,0.5789473684210527,279,run_204_adam_ly12_lr0.01_bs32
12,0.01,32,sgd,32,0.6578947368421053,51,run_205_sgd_ly12_lr0.01_bs32
12,0.01,64,adam,32,0.631578947368421,51,run_206_adam_ly12_lr0.01_bs64
12,0.01,64,sgd,32,0.6578947368421053,51,run_207_sgd_ly12_lr0.01_bs64
12,0.02,8,adam,32,0.5526315789473685,174,run_208_adam_ly12_lr0.02_bs8
12,0.02,8,sgd,32,0.6578947368421053,51,run_209_sgd_ly12_lr0.02_bs8
12,0.02,16,adam,32,0.47368421052631576,175,run_210_adam_ly12_lr0.02_bs16
12,0.02,16,sgd,32,0.6578947368421053,51,run_211_sgd_ly12_lr0.02_bs16
12,0.02,32,adam,32,0.5263157894736842,107,run_212_adam_ly12_lr0.02_bs32
12,0.02,32,sgd,32,0.6578947368421053,51,run_213_sgd_ly12_lr0.02_bs32
12,0.02,64,adam,32,0.6052631578947368,62,run_214_adam_ly12_lr0.02_bs64
12,0.02,64,sgd,32,0.6578947368421053,51,run_215_sgd_ly12_lr0.02_bs64
12,0.05,8,adam,32,0.5263157894736842,255,run_216_adam_ly12_lr0.05_bs8
12,0.05,8,sgd,32,0.6578947368421053,51,run_217_sgd_ly12_lr0.05_bs8
12,0.05,16,adam,32,0.5,197,run_218_adam_ly12_lr0.05_bs16
12,0.05,16,sgd,32,0.6578947368421053,51,run_219_sgd_ly12_lr0.05_bs16
12,0.05,32,adam,32,0.47368421052631576,103,run_220_adam_ly12_lr0.05_bs32
12,0.05,32,sgd,32,0.6578947368421053,51,run_221_sgd_ly12_lr0.05_bs32
12,0.05,64,adam,32,0.5526315789473685,219,run_222_adam_ly12_lr0.05_bs64
12,0.05,64,sgd,32,0.6578947368421053,51,run_223_sgd_ly12_lr0.05_bs64
15,0.001,8,adam,32,0.47368421052631576,175,run_224_adam_ly15_lr0.001_bs8
15,0.001,8,sgd,32,0.6052631578947368,51,run_225_sgd_ly15_lr0.001_bs8
15,0.001,16,adam,32,0.39473684210526316,161,run_226_adam_ly15_lr0.001_bs16
15,0.001,16,sgd,32,0.6052631578947368,51,run_227_sgd_ly15_lr0.001_bs16
15,0.001,32,adam,32,0.4473684210526316,84,run_228_adam_ly15_lr0.001_bs32
15,0.001,32,sgd,32,0.6052631578947368,51,run_229_sgd_ly15_lr0.001_bs32
15,0.001,64,adam,32,0.5263157894736842,145,run_230_adam_ly15_lr0.001_bs64
15,0.001,64,sgd,32,0.6052631578947368,51,run_231_sgd_ly15_lr0.001_bs64
15,0.01,8,adam,32,0.5263157894736842,70,run_232_adam_ly15_lr0.01_bs8
15,0.01,8,sgd,32,0.6052631578947368,51,run_233_sgd_ly15_lr0.01_bs8
15,0.01,16,adam,32,0.5526315789473685,360,run_234_adam_ly15_lr0.01_bs16
15,0.01,16,sgd,32,0.6052631578947368,51,run_235_sgd_ly15_lr0.01_bs16
15,0.01,32,adam,32,0.5789473684210527,63,run_236_adam_ly15_lr0.01_bs32
15,0.01,32,sgd,32,0.6052631578947368,51,run_237_sgd_ly15_lr0.01_bs32
15,0.01,64,adam,32,0.5263157894736842,218,run_238_adam_ly15_lr0.01_bs64
15,0.01,64,sgd,32,0.6052631578947368,51,run_239_sgd_ly15_lr0.01_bs64
15,0.02,8,adam,32,0.47368421052631576,157,run_240_adam_ly15_lr0.02_bs8
15,0.02,8,sgd,32,0.6052631578947368,51,run_241_sgd_ly15_lr0.02_bs8
15,0.02,16,adam,32,0.4473684210526316,292,run_242_adam_ly15_lr0.02_bs16
15,0.02,16,sgd,32,0.6052631578947368,51,run_243_sgd_ly15_lr0.02_bs16
15,0.02,32,adam,32,0.47368421052631576,302,run_244_adam_ly15_lr0.02_bs32
15,0.02,32,sgd,32,0.6052631578947368,51,run_245_sgd_ly15_lr0.02_bs32
15,0.02,64,adam,32,0.6052631578947368,59,run_246_adam_ly15_lr0.02_bs64
15,0.02,64,sgd,32,0.6052631578947368,51,run_247_sgd_ly15_lr0.02_bs64
15,0.05,8,adam,32,0.5789473684210527,115,run_248_adam_ly15_lr0.05_bs8
15,0.05,8,sgd,32,0.6052631578947368,51,run_249_sgd_ly15_lr0.05_bs8
15,0.05,16,adam,32,0.39473684210526316,172,run_250_adam_ly15_lr0.05_bs16
15,0.05,16,sgd,32,0.6052631578947368,51,run_251_sgd_ly15_lr0.05_bs16
15,0.05,32,adam,32,0.5263157894736842,103,run_252_adam_ly15_lr0.05_bs32
15,0.05,32,sgd,32,0.6052631578947368,51,run_253_sgd_ly15_lr0.05_bs32
15,0.05,64,adam,32,0.5789473684210527,179,run_254_adam_ly15_lr0.05_bs64
15,0.05,64,sgd,32,0.6052631578947368,51,run_255_sgd_ly15_lr0.05_bs64
20,0.001,8,adam,32,0.6578947368421053,959,run_256_adam_ly20_lr0.001_bs8
20,0.001,8,sgd,32,0.5789473684210527,51,run_257_sgd_ly20_lr0.001_bs8
20,0.001,16,adam,32,0.5789473684210527,470,run_258_adam_ly20_lr0.001_bs16
20,0.001,16,sgd,32,0.5526315789473685,51,run_259_sgd_ly20_lr0.001_bs16
20,0.001,32,adam,32,0.5526315789473685,51,run_260_adam_ly20_lr0.001_bs32
20,0.001,32,sgd,32,0.5789473684210527,51,run_261_sgd_ly20_lr0.001_bs32
20,0.001,64,adam,32,0.5526315789473685,51,run_262_adam_ly20_lr0.001_bs64
20,0.001,64,sgd,32,0.5789473684210527,51,run_263_sgd_ly20_lr0.001_bs64
20,0.01,8,adam,32,0.47368421052631576,248,run_264_adam_ly20_lr0.01_bs8
20,0.01,8,sgd,32,0.5789473684210527,51,run_265_sgd_ly20_lr0.01_bs8
20,0.01,16,adam,32,0.5526315789473685,189,run_266_adam_ly20_lr0.01_bs16
20,0.01,16,sgd,32,0.5526315789473685,51,run_267_sgd_ly20_lr0.01_bs16
20,0.01,32,adam,32,0.6052631578947368,226,run_268_adam_ly20_lr0.01_bs32
20,0.01,32,sgd,32,0.5526315789473685,51,run_269_sgd_ly20_lr0.01_bs32
20,0.01,64,adam,32,0.5789473684210527,56,run_270_adam_ly20_lr0.01_bs64
20,0.01,64,sgd,32,0.5526315789473685,51,run_271_sgd_ly20_lr0.01_bs64
20,0.02,8,adam,32,0.7368421052631579,290,run_272_adam_ly20_lr0.02_bs8
20,0.02,8,sgd,32,0.5526315789473685,51,run_273_sgd_ly20_lr0.02_bs8
20,0.02,16,adam,32,0.631578947368421,271,run_274_adam_ly20_lr0.02_bs16
20,0.02,16,sgd,32,0.5789473684210527,51,run_275_sgd_ly20_lr0.02_bs16
20,0.02,32,adam,32,0.6842105263157895,124,run_276_adam_ly20_lr0.02_bs32
20,0.02,32,sgd,32,0.5789473684210527,51,run_277_sgd_ly20_lr0.02_bs32
20,0.02,64,adam,32,0.6842105263157895,92,run_278_adam_ly20_lr0.02_bs64
20,0.02,64,sgd,32,0.5526315789473685,51,run_279_sgd_ly20_lr0.02_bs64
20,0.05,8,adam,32,0.47368421052631576,339,run_280_adam_ly20_lr0.05_bs8
20,0.05,8,sgd,32,0.5526315789473685,51,run_281_sgd_ly20_lr0.05_bs8
20,0.05,16,adam,32,0.5789473684210527,181,run_282_adam_ly20_lr0.05_bs16
20,0.05,16,sgd,32,0.5789473684210527,51,run_283_sgd_ly20_lr0.05_bs16
20,0.05,32,adam,32,0.7105263157894737,232,run_284_adam_ly20_lr0.05_bs32
20,0.05,32,sgd,32,0.5526315789473685,51,run_285_sgd_ly20_lr0.05_bs32
20,0.05,64,adam,32,0.631578947368421,159,run_286_adam_ly20_lr0.05_bs64
20,0.05,64,sgd,32,0.5789473684210527,51,run_287_sgd_ly20_lr0.05_bs64
30,0.001,8,adam,32,0.47368421052631576,428,run_288_adam_ly30_lr0.001_bs8
30,0.001,8,sgd,32,0.5,51,run_289_sgd_ly30_lr0.001_bs8
30,0.001,16,adam,32,0.4473684210526316,784,run_290_adam_ly30_lr0.001_bs16
30,0.001,16,sgd,32,0.5,51,run_291_sgd_ly30_lr0.001_bs16
30,0.001,32,adam,32,0.5,897,run_292_adam_ly30_lr0.001_bs32
30,0.001,32,sgd,32,0.5,51,run_293_sgd_ly30_lr0.001_bs32
30,0.001,64,adam,32,0.5263157894736842,146,run_294_adam_ly30_lr0.001_bs64
30,0.001,64,sgd,32,0.5,51,run_295_sgd_ly30_lr0.001_bs64
30,0.01,8,adam,32,0.6052631578947368,203,run_296_adam_ly30_lr0.01_bs8
30,0.01,8,sgd,32,0.5,51,run_297_sgd_ly30_lr0.01_bs8
30,0.01,16,adam,32,0.631578947368421,210,run_298_adam_ly30_lr0.01_bs16
30,0.01,16,sgd,32,0.5,51,run_299_sgd_ly30_lr0.01_bs16
30,0.01,32,adam,32,0.5789473684210527,207,run_300_adam_ly30_lr0.01_bs32
30,0.01,32,sgd,32,0.5,51,run_301_sgd_ly30_lr0.01_bs32
30,0.01,64,adam,32,0.5263157894736842,257,run_302_adam_ly30_lr0.01_bs64
30,0.01,64,sgd,32,0.5,51,run_303_sgd_ly30_lr0.01_bs64
30,0.02,8,adam,32,0.47368421052631576,151,run_304_adam_ly30_lr0.02_bs8
30,0.02,8,sgd,32,0.5,51,run_305_sgd_ly30_lr0.02_bs8
30,0.02,16,adam,32,0.5263157894736842,238,run_306_adam_ly30_lr0.02_bs16
30,0.02,16,sgd,32,0.5,51,run_307_sgd_ly30_lr0.02_bs16
30,0.02,32,adam,32,0.631578947368421,165,run_308_adam_ly30_lr0.02_bs32
30,0.02,32,sgd,32,0.5,51,run_309_sgd_ly30_lr0.02_bs32
30,0.02,64,adam,32,0.5263157894736842,113,run_310_adam_ly30_lr0.02_bs64
30,0.02,64,sgd,32,0.5,51,run_311_sgd_ly30_lr0.02_bs64
30,0.05,8,adam,32,0.4473684210526316,291,run_312_adam_ly30_lr0.05_bs8
30,0.05,8,sgd,32,0.5,51,run_313_sgd_ly30_lr0.05_bs8
30,0.05,16,adam,32,0.5263157894736842,163,run_314_adam_ly30_lr0.05_bs16
30,0.05,16,sgd,32,0.5,51,run_315_sgd_ly30_lr0.05_bs16
30,0.05,32,adam,32,0.5789473684210527,185,run_316_adam_ly30_lr0.05_bs32
30,0.05,32,sgd,32,0.5,51,run_317_sgd_ly30_lr0.05_bs32
30,0.05,64,adam,32,0.5526315789473685,167,run_318_adam_ly30_lr0.05_bs64
30,0.05,64,sgd,32,0.5,51,run_319_sgd_ly30_lr0.05_bs64
